case,n_customers,algorithm,time_ms,cost,valid_capacity,vehicles
small_20,20,Greedy,0.15600000915583223,764.0450205916303,True,4
small_20,20,Clarke-Wright,0.24590000975877047,627.1799917054911,True,5
small_20,20,Sweep,0.24040001153480262,654.2488450231107,True,5
medium_50,50,Greedy,0.607900001341477,1265.3537306669498,True,7
medium_50,50,Clarke-Wright,1.6952000005403534,947.5240339841786,True,7
medium_50,50,Sweep,1.5320999955292791,1039.1850711149586,True,7
medium_75,75,Greedy,1.0844999924302101,1644.3668937196057,True,9
medium_75,75,Clarke-Wright,6.652500000200234,1193.843943119431,True,9
medium_75,75,Sweep,3.640599999926053,1281.8847783079382,True,9
large_200,200,Greedy,7.729599994490854,2552.726453102768,True,14
large_200,200,Clarke-Wright,33.02839999378193,1910.4789154997477,True,14
large_200,200,Sweep,30.70350000052713,1959.430248954072,True,14
cvrplib_Vrp-All_A-n32-k5,31,Greedy,0.43000000005122274,1146.399631725379,True,5
cvrplib_Vrp-All_A-n32-k5,31,Clarke-Wright,0.749400001950562,843.688169346627,True,5
cvrplib_Vrp-All_A-n32-k5,31,Sweep,1.495499993325211,977.5175787063373,True,5
cvrplib_Vrp-All_A-n33-k5,32,Greedy,0.37569999403785914,978.1456610175787,True,5
cvrplib_Vrp-All_A-n33-k5,32,Clarke-Wright,0.7649000035598874,712.0478209658986,True,5
cvrplib_Vrp-All_A-n33-k5,32,Sweep,1.1863000108860433,737.8797670804505,True,5
cvrplib_Vrp-All_A-n33-k6,32,Greedy,0.36210000689607114,1043.274631692616,True,6
cvrplib_Vrp-All_A-n33-k6,32,Clarke-Wright,1.0402999905636534,776.2559893244658,True,7
cvrplib_Vrp-All_A-n33-k6,32,Sweep,1.0098999919136986,804.3421288142554,True,6
cvrplib_Vrp-All_A-n34-k5,33,Greedy,0.3938000008929521,946.7989933145091,True,5
cvrplib_Vrp-All_A-n34-k5,33,Clarke-Wright,1.7997000104514882,810.4113355896409,True,6
cvrplib_Vrp-All_A-n34-k5,33,Sweep,1.182599997264333,786.437001670363,True,5
cvrplib_Vrp-All_A-n36-k5,35,Greedy,0.4592000041157007,1103.4992844828946,True,5
cvrplib_Vrp-All_A-n36-k5,35,Clarke-Wright,1.398800013703294,828.4722357153081,True,5
cvrplib_Vrp-All_A-n36-k5,35,Sweep,1.1282999912509695,908.0727673051538,True,5
cvrplib_Vrp-All_A-n37-k5,36,Greedy,0.45870000030845404,948.545165657581,True,5
cvrplib_Vrp-All_A-n37-k5,36,Clarke-Wright,0.9084000048460439,707.8088739811838,True,5
cvrplib_Vrp-All_A-n37-k5,36,Sweep,1.1829000141005963,805.74055603894,True,5
cvrplib_Vrp-All_A-n37-k6,36,Greedy,0.2730999985942617,1341.8779365605787,True,6
cvrplib_Vrp-All_A-n37-k6,36,Clarke-Wright,0.6091999966884032,976.6063660256659,True,6
cvrplib_Vrp-All_A-n37-k6,36,Sweep,0.530999997863546,1164.2415742502512,True,7
cvrplib_Vrp-All_A-n38-k5,37,Greedy,0.28419999580364674,1084.609112468089,True,5
cvrplib_Vrp-All_A-n38-k5,37,Clarke-Wright,0.6388000037986785,768.1318037906819,True,6
cvrplib_Vrp-All_A-n38-k5,37,Sweep,0.7655000081285834,907.9036322282652,True,6
cvrplib_Vrp-All_A-n39-k5,38,Greedy,0.29680000443477184,1032.574615401068,True,5
cvrplib_Vrp-All_A-n39-k5,38,Clarke-Wright,0.6683000101475045,901.9900540917963,True,5
cvrplib_Vrp-All_A-n39-k5,38,Sweep,1.262500009033829,946.9989596130405,True,6
cvrplib_Vrp-All_A-n39-k6,38,Greedy,0.2967999898828566,1212.889057653511,True,6
cvrplib_Vrp-All_A-n39-k6,38,Clarke-Wright,0.6630999996559694,863.0840750991199,True,6
cvrplib_Vrp-All_A-n39-k6,38,Sweep,1.55639999138657,999.7171331675406,True,6
cvrplib_Vrp-All_A-n44-k6,43,Greedy,0.37969999539200217,1328.6927227247666,True,6
cvrplib_Vrp-All_A-n44-k6,43,Clarke-Wright,0.9168999968096614,976.0377357769955,True,7
cvrplib_Vrp-All_A-n44-k6,43,Sweep,1.0744000028353184,1082.995073588073,True,6
cvrplib_Vrp-All_A-n45-k6,44,Greedy,0.450699997600168,1485.29903471766,True,7
cvrplib_Vrp-All_A-n45-k6,44,Clarke-Wright,0.946600004681386,1006.450568576223,True,7
cvrplib_Vrp-All_A-n45-k6,44,Sweep,0.7240999984787777,1087.6522224453026,True,7
cvrplib_Vrp-All_A-n45-k7,44,Greedy,0.38490000588353723,1404.0454204393577,True,7
cvrplib_Vrp-All_A-n45-k7,44,Clarke-Wright,1.014299996313639,1199.9759634376965,True,7
cvrplib_Vrp-All_A-n45-k7,44,Sweep,0.8471000037388876,1334.8049275749127,True,7
cvrplib_Vrp-All_A-n46-k7,45,Greedy,0.40550000267103314,1335.7931183371034,True,7
cvrplib_Vrp-All_A-n46-k7,45,Clarke-Wright,1.204100000904873,939.7435418657791,True,7
cvrplib_Vrp-All_A-n46-k7,45,Sweep,0.8770999993430451,1063.9355872211688,True,7
cvrplib_Vrp-All_A-n48-k7,47,Greedy,0.4444999940460548,1476.5729733586284,True,7
cvrplib_Vrp-All_A-n48-k7,47,Clarke-Wright,1.0187000007135794,1112.8222669377485,True,7
cvrplib_Vrp-All_A-n48-k7,47,Sweep,1.3943000085419044,1268.9852080345615,True,7
cvrplib_Vrp-All_A-n53-k7,52,Greedy,0.5755000020144507,1449.5357275503993,True,7
cvrplib_Vrp-All_A-n53-k7,52,Clarke-Wright,1.3670000043930486,1099.4543362487957,True,7
cvrplib_Vrp-All_A-n53-k7,52,Sweep,1.464999993913807,1117.1759321233421,True,7
cvrplib_Vrp-All_A-n54-k7,53,Greedy,0.9874999959720299,1433.6426135922889,True,7
cvrplib_Vrp-All_A-n54-k7,53,Clarke-Wright,1.5060000005178154,1201.1970162123496,True,7
cvrplib_Vrp-All_A-n54-k7,53,Sweep,2.007699993555434,1422.144931367052,True,8
cvrplib_Vrp-All_A-n55-k9,54,Greedy,0.7202999986475334,1499.3128792105574,True,9
cvrplib_Vrp-All_A-n55-k9,54,Clarke-Wright,2.252199992653914,1099.8395308645834,True,9
cvrplib_Vrp-All_A-n55-k9,54,Sweep,1.4223999896785244,1227.4702571764935,True,10
cvrplib_Vrp-All_A-n60-k9,59,Greedy,1.2493999965954572,1969.9807053701645,True,9
cvrplib_Vrp-All_A-n60-k9,59,Clarke-Wright,2.13130000338424,1421.8826011092553,True,9
cvrplib_Vrp-All_A-n60-k9,59,Sweep,1.137999992351979,1609.1512807891145,True,10
cvrplib_Vrp-All_A-n61-k9,60,Greedy,0.7204000139608979,1421.1604610455358,True,9
cvrplib_Vrp-All_A-n61-k9,60,Clarke-Wright,1.7331000126432627,1102.225752384373,True,10
cvrplib_Vrp-All_A-n61-k9,60,Sweep,1.1268000089330599,1234.8660282613087,True,10
cvrplib_Vrp-All_A-n62-k8,61,Greedy,0.7009000109974295,1816.5796506854228,True,8
cvrplib_Vrp-All_A-n62-k8,61,Clarke-Wright,1.7598000122234225,1352.8113271760064,True,8
cvrplib_Vrp-All_A-n62-k8,61,Sweep,1.676900006714277,1538.7790951662491,True,8
cvrplib_Vrp-All_A-n63-k10,62,Greedy,0.7167000003391877,1933.2643615780776,True,10
cvrplib_Vrp-All_A-n63-k10,62,Clarke-Wright,1.7947000014828518,1352.4806713049697,True,10
cvrplib_Vrp-All_A-n63-k10,62,Sweep,1.1491000041132793,1650.2226059033644,True,11
cvrplib_Vrp-All_A-n63-k9,62,Greedy,0.7252999930642545,2248.5706429083066,True,9
cvrplib_Vrp-All_A-n63-k9,62,Clarke-Wright,1.7844999965745956,1687.9633015172544,True,10
cvrplib_Vrp-All_A-n63-k9,62,Sweep,1.2504999904194847,1982.6181842226576,True,10
cvrplib_Vrp-All_A-n64-k9,63,Greedy,0.7462000066880137,1962.2157972595028,True,9
cvrplib_Vrp-All_A-n64-k9,63,Clarke-Wright,2.038799997535534,1486.9183394528584,True,10
cvrplib_Vrp-All_A-n64-k9,63,Sweep,1.3344000035431236,1858.2985211701512,True,10
cvrplib_Vrp-All_A-n65-k9,64,Greedy,0.7885999948484823,1802.412223474458,True,9
cvrplib_Vrp-All_A-n65-k9,64,Clarke-Wright,1.9173999899066985,1239.4202821373262,True,10
cvrplib_Vrp-All_A-n65-k9,64,Sweep,1.2217000039527193,1382.7364285835733,True,10
cvrplib_Vrp-All_A-n69-k9,68,Greedy,0.9477999992668629,1576.8750706732733,True,9
cvrplib_Vrp-All_A-n69-k9,68,Clarke-Wright,2.253500002552755,1210.7793565078211,True,9
cvrplib_Vrp-All_A-n69-k9,68,Sweep,1.6092000005301088,1302.8386271649588,True,9
cvrplib_Vrp-All_A-n80-k10,79,Greedy,1.2725999986287206,2255.4618868421517,True,10
cvrplib_Vrp-All_A-n80-k10,79,Clarke-Wright,4.732400004286319,1860.9424980238068,True,10
cvrplib_Vrp-All_A-n80-k10,79,Sweep,3.228300003684126,2381.0106763254403,True,11
cvrplib_Vrp-All_B-n31-k5,30,Greedy,0.21559999731834978,954.2938576448959,True,5
cvrplib_Vrp-All_B-n31-k5,30,Clarke-Wright,0.4410999972606078,681.164054610939,True,5
cvrplib_Vrp-All_B-n31-k5,30,Sweep,0.5371000006562099,811.41398668795,True,5
cvrplib_Vrp-All_B-n34-k5,33,Greedy,0.2420999953756109,901.6199178928878,True,5
cvrplib_Vrp-All_B-n34-k5,33,Clarke-Wright,0.519299996085465,794.3343495609317,True,5
cvrplib_Vrp-All_B-n34-k5,33,Sweep,0.555599996005185,945.5808806282755,True,6
cvrplib_Vrp-All_B-n35-k5,34,Greedy,0.24369999300688505,1225.4384886621278,True,5
cvrplib_Vrp-All_B-n35-k5,34,Clarke-Wright,0.567600000067614,978.3260513862692,True,5
cvrplib_Vrp-All_B-n35-k5,34,Sweep,0.6911999953445047,1092.7814660335696,True,5
cvrplib_Vrp-All_B-n38-k6,37,Greedy,0.2886999864131212,1269.6999405508452,True,6
cvrplib_Vrp-All_B-n38-k6,37,Clarke-Wright,0.640199999907054,832.0917333754528,True,6
cvrplib_Vrp-All_B-n38-k6,37,Sweep,0.6667999987257645,901.8388638166953,True,6
cvrplib_Vrp-All_B-n39-k5,38,Greedy,0.30100000731181353,1060.1502802982395,True,5
cvrplib_Vrp-All_B-n39-k5,38,Clarke-Wright,0.6747000006726012,566.7053718048619,True,5
cvrplib_Vrp-All_B-n39-k5,38,Sweep,0.9937000140780583,711.6721023186368,True,5
cvrplib_Vrp-All_B-n41-k6,40,Greedy,0.3580000047804788,1088.384253376145,True,6
cvrplib_Vrp-All_B-n41-k6,40,Clarke-Wright,0.742600008379668,898.0932173296683,True,7
cvrplib_Vrp-All_B-n41-k6,40,Sweep,0.6729000015184283,990.8925228153303,True,7
cvrplib_Vrp-All_B-n43-k6,42,Greedy,0.35570000181905925,966.2557748788233,True,6
cvrplib_Vrp-All_B-n43-k6,42,Clarke-Wright,0.8020000095712021,781.9643623465802,True,6
cvrplib_Vrp-All_B-n43-k6,42,Sweep,0.9854000090854242,875.9100225289603,True,6
cvrplib_Vrp-All_B-n44-k7,43,Greedy,0.41629999759607017,1278.9000951141898,True,7
cvrplib_Vrp-All_B-n44-k7,43,Clarke-Wright,0.8933999924920499,937.7351985254668,True,7
cvrplib_Vrp-All_B-n44-k7,43,Sweep,0.6664000102318823,1177.6026589145874,True,8
cvrplib_Vrp-All_B-n45-k5,44,Greedy,0.3913999971700832,1129.5244668093085,True,5
cvrplib_Vrp-All_B-n45-k5,44,Clarke-Wright,0.8804999961284921,757.1641652674426,True,5
cvrplib_Vrp-All_B-n45-k5,44,Sweep,1.7702000041026622,940.1847569595044,True,6
cvrplib_Vrp-All_B-n45-k6,44,Greedy,0.6564999930560589,1023.5548241868931,True,7
cvrplib_Vrp-All_B-n45-k6,44,Clarke-Wright,1.5033999952720478,727.8366964829168,True,7
cvrplib_Vrp-All_B-n45-k6,44,Sweep,1.3574000040534884,784.196765633836,True,7
cvrplib_Vrp-All_B-n50-k7,49,Greedy,0.8629999938420951,1209.7244480376899,True,7
cvrplib_Vrp-All_B-n50-k7,49,Clarke-Wright,1.829899993026629,748.8007847147744,True,7
cvrplib_Vrp-All_B-n50-k7,49,Sweep,2.2363999887602404,867.8440182647075,True,7
cvrplib_Vrp-All_B-n50-k8,49,Greedy,2.282000001287088,1537.331894214112,True,8
cvrplib_Vrp-All_B-n50-k8,49,Clarke-Wright,1.4828999992460012,1354.0263651827083,True,8
cvrplib_Vrp-All_B-n50-k8,49,Sweep,0.9397000103490427,1398.8177141638184,True,8
cvrplib_Vrp-All_B-n51-k7,50,Greedy,0.5010999884689227,1334.8278552185666,True,7
cvrplib_Vrp-All_B-n51-k7,50,Clarke-Wright,1.2011000071652234,1121.2546749039784,True,8
cvrplib_Vrp-All_B-n51-k7,50,Sweep,0.934299998334609,1268.8303291979278,True,8
cvrplib_Vrp-All_B-n52-k7,51,Greedy,0.5199999868636951,1132.9643224590227,True,7
cvrplib_Vrp-All_B-n52-k7,51,Clarke-Wright,1.1932000052183867,764.8989122998329,True,7
cvrplib_Vrp-All_B-n52-k7,51,Sweep,1.2525999918580055,863.7175222977762,True,7
cvrplib_Vrp-All_B-n56-k7,55,Greedy,0.5834000039612874,1253.9672619336363,True,7
cvrplib_Vrp-All_B-n56-k7,55,Clarke-Wright,1.4187999913701788,733.7413703734462,True,7
cvrplib_Vrp-All_B-n56-k7,55,Sweep,1.2562000047182664,836.315713510193,True,7
cvrplib_Vrp-All_B-n57-k7,56,Greedy,0.6049999938113615,1977.8294910393493,True,8
cvrplib_Vrp-All_B-n57-k7,56,Clarke-Wright,1.772000003256835,1239.7800906399218,True,8
cvrplib_Vrp-All_B-n57-k7,56,Sweep,1.7463999975007027,1295.7094225214103,True,8
cvrplib_Vrp-All_B-n57-k9,56,Greedy,0.6332000048132613,1960.656878589338,True,9
cvrplib_Vrp-All_B-n57-k9,56,Clarke-Wright,1.6776000120444223,1653.4238667610882,True,9
cvrplib_Vrp-All_B-n57-k9,56,Sweep,1.022600001306273,1878.848634468823,True,9
cvrplib_Vrp-All_B-n63-k10,62,Greedy,0.7848999957786873,2067.066170527514,True,10
cvrplib_Vrp-All_B-n63-k10,62,Clarke-Wright,1.827100000809878,1598.1796223145293,True,10
cvrplib_Vrp-All_B-n63-k10,62,Sweep,1.2013999948976561,1874.5840633541468,True,11
cvrplib_Vrp-All_B-n64-k9,63,Greedy,0.741700001526624,1266.6998825370952,True,9
cvrplib_Vrp-All_B-n64-k9,63,Clarke-Wright,2.120500008459203,921.5561387606826,True,10
cvrplib_Vrp-All_B-n64-k9,63,Sweep,1.26599999202881,969.6995924634411,True,10
cvrplib_Vrp-All_B-n66-k9,65,Greedy,0.9274000040022656,1645.4791807691868,True,9
cvrplib_Vrp-All_B-n66-k9,65,Clarke-Wright,2.1040999999968335,1416.417279846979,True,10
cvrplib_Vrp-All_B-n66-k9,65,Sweep,1.4367999974638224,1437.2640746432296,True,10
cvrplib_Vrp-All_B-n67-k10,66,Greedy,0.879899991559796,1527.4093212150033,True,10
cvrplib_Vrp-All_B-n67-k10,66,Clarke-Wright,2.1385000000009313,1099.9470201522818,True,11
cvrplib_Vrp-All_B-n67-k10,66,Sweep,1.5030000067781657,1204.0849456040053,True,10
cvrplib_Vrp-All_B-n68-k9,67,Greedy,1.174200006062165,1690.6588892770346,True,9
cvrplib_Vrp-All_B-n68-k9,67,Clarke-Wright,2.193799999076873,1317.7707318946182,True,9
cvrplib_Vrp-All_B-n68-k9,67,Sweep,1.4312999992398545,1517.5510848527197,True,10
cvrplib_Vrp-All_B-n78-k10,77,Greedy,1.139800006058067,1755.027641111366,True,10
cvrplib_Vrp-All_B-n78-k10,77,Clarke-Wright,2.737699993303977,1264.5551044581205,True,10
cvrplib_Vrp-All_B-n78-k10,77,Sweep,2.3479999945266172,1448.0440325606025,True,11
cvrplib_Vrp-All_E-n101-k14,100,Greedy,1.9089999987045303,1610.906841385627,True,14
cvrplib_Vrp-All_E-n101-k14,100,Clarke-Wright,4.891400007181801,1139.0713090065872,True,14
cvrplib_Vrp-All_E-n101-k14,100,Sweep,2.74840000201948,1231.4733016058337,True,15
cvrplib_Vrp-All_E-n101-k8,100,Greedy,1.856000002590008,1174.361152226612,True,8
cvrplib_Vrp-All_E-n101-k8,100,Clarke-Wright,6.009600008837879,886.8278165618908,True,8
cvrplib_Vrp-All_E-n101-k8,100,Sweep,7.745700000668876,909.8436721296899,True,8
cvrplib_Vrp-All_E-n22-k4,21,Greedy,0.12180001067463309,589.4211147764399,True,4
cvrplib_Vrp-All_E-n22-k4,21,Clarke-Wright,0.22659999376628548,388.77228583912927,True,4
cvrplib_Vrp-All_E-n22-k4,21,Sweep,0.22149999858811498,398.3046154298596,True,4
cvrplib_Vrp-All_E-n23-k3,22,Greedy,0.12670000432990491,746.7344337908839,True,3
cvrplib_Vrp-All_E-n23-k3,22,Clarke-Wright,0.2384999970672652,621.0871923371064,True,3
cvrplib_Vrp-All_E-n23-k3,22,Sweep,0.9190999990096316,635.1549515856804,True,3
cvrplib_Vrp-All_E-n30-k3,29,Greedy,0.34640000376384705,639.6936366530506,True,3
cvrplib_Vrp-All_E-n30-k3,29,Clarke-Wright,0.6556000007549301,534.4482364968419,True,4
cvrplib_Vrp-All_E-n30-k3,29,Sweep,1.3977999915368855,570.3036710124333,True,3
cvrplib_Vrp-All_E-n33-k4,32,Greedy,0.3949000092688948,1002.1898021520249,True,4
cvrplib_Vrp-All_E-n33-k4,32,Clarke-Wright,0.7074000022839755,843.0977933340924,True,4
cvrplib_Vrp-All_E-n33-k4,32,Sweep,1.5007999900262803,956.0186665416342,True,5
cvrplib_Vrp-All_E-n51-k5,50,Greedy,0.5581000004895031,711.4987137910165,True,5
cvrplib_Vrp-All_E-n51-k5,50,Clarke-Wright,1.1898999946424738,584.6372084179404,True,6
cvrplib_Vrp-All_E-n51-k5,50,Sweep,1.6808000073069707,636.3568092004848,True,6
cvrplib_Vrp-All_E-n76-k10,75,Greedy,1.0515999892959371,1205.8484323346952,True,10
cvrplib_Vrp-All_E-n76-k10,75,Clarke-Wright,5.389199999626726,900.2635285176875,True,10
cvrplib_Vrp-All_E-n76-k10,75,Sweep,1.803999999538064,938.448194080769,True,11
cvrplib_Vrp-All_E-n76-k14,75,Greedy,1.512399991042912,1446.8530389839432,True,15
cvrplib_Vrp-All_E-n76-k14,75,Clarke-Wright,8.767899998929352,1073.4317245426723,True,15
cvrplib_Vrp-All_E-n76-k14,75,Sweep,1.151799995568581,1206.0862426460226,True,16
cvrplib_Vrp-All_E-n76-k7,75,Greedy,1.0456000018166378,1070.1896637874615,True,7
cvrplib_Vrp-All_E-n76-k7,75,Clarke-Wright,2.58840000606142,737.7368285667058,True,7
cvrplib_Vrp-All_E-n76-k7,75,Sweep,3.468599999905564,765.8109534065397,True,7
cvrplib_Vrp-All_E-n76-k8,75,Greedy,1.066600001649931,1149.4053041115064,True,8
cvrplib_Vrp-All_E-n76-k8,75,Clarke-Wright,2.543499998864718,794.7405140283122,True,8
cvrplib_Vrp-All_E-n76-k8,75,Sweep,3.0029999907128513,864.1325046938966,True,8
cvrplib_Vrp-All_F-n135-k7,134,Greedy,3.385800009709783,1784.3362143592603,True,7
cvrplib_Vrp-All_F-n135-k7,134,Clarke-Wright,9.904499995172955,1219.320968775068,True,7
cvrplib_Vrp-All_F-n135-k7,134,Sweep,23.646400004508905,1552.716574753011,True,8
cvrplib_Vrp-All_F-n45-k4,44,Greedy,0.4363999905763194,1233.5680413002603,True,4
cvrplib_Vrp-All_F-n45-k4,44,Clarke-Wright,1.44900000304915,739.0186816073488,True,4
cvrplib_Vrp-All_F-n45-k4,44,Sweep,4.16179999592714,774.0957147147535,True,4
cvrplib_Vrp-All_F-n72-k4,71,Greedy,0.9845000022323802,368.26670955126446,True,4
cvrplib_Vrp-All_F-n72-k4,71,Clarke-Wright,2.1828000026289374,256.18620874610554,True,5
cvrplib_Vrp-All_F-n72-k4,71,Sweep,12.94169999891892,333.40549642991584,True,5
cvrplib_Vrp-All_G-n262-k25,261,Greedy,13.554799996200018,9065.328791198755,True,25
cvrplib_Vrp-All_G-n262-k25,261,Clarke-Wright,45.017800002824515,5937.83453974267,True,25
cvrplib_Vrp-All_G-n262-k25,261,Sweep,17.479300004197285,6990.101777633974,True,27
cvrplib_Vrp-All_M-n101-k10,100,Greedy,1.893499997095205,1311.4998703102585,True,10
cvrplib_Vrp-All_M-n101-k10,100,Clarke-Wright,4.776100002345629,833.5085732089907,True,10
cvrplib_Vrp-All_M-n101-k10,100,Sweep,4.579300002660602,1012.6235389547097,True,10
cvrplib_Vrp-All_M-n121-k7,120,Greedy,2.6114000065717846,1565.3350227437695,True,7
cvrplib_Vrp-All_M-n121-k7,120,Clarke-Wright,6.873300008010119,1068.1406945079716,True,7
cvrplib_Vrp-All_M-n121-k7,120,Sweep,14.89519998722244,1446.7875443799896,True,8
cvrplib_Vrp-All_M-n151-k12,150,Greedy,6.494000001111999,1426.2300077451025,True,12
cvrplib_Vrp-All_M-n151-k12,150,Clarke-Wright,24.65229999506846,1133.4314748877262,True,12
cvrplib_Vrp-All_M-n151-k12,150,Sweep,13.48629999847617,1201.4206106840704,True,12
cvrplib_Vrp-All_M-n200-k16,199,Greedy,7.223599997814745,2034.3965714246406,True,17
cvrplib_Vrp-All_M-n200-k16,199,Clarke-Wright,46.37709999224171,1395.7361007732934,True,17
cvrplib_Vrp-All_M-n200-k16,199,Sweep,14.501600002404302,1489.9223952805578,True,17
cvrplib_Vrp-All_M-n200-k17,199,Greedy,9.059000003617257,2034.3965714246406,True,17
cvrplib_Vrp-All_M-n200-k17,199,Clarke-Wright,33.07040000800043,1395.7361007732934,True,17
cvrplib_Vrp-All_M-n200-k17,199,Sweep,14.704499990330078,1489.9223952805578,True,17
cvrplib_Vrp-All_P-n101-k4,100,Greedy,1.9543000089470297,995.7973443035299,True,4
cvrplib_Vrp-All_P-n101-k4,100,Clarke-Wright,4.834899998968467,765.3793981291982,True,4
cvrplib_Vrp-All_P-n101-k4,100,Sweep,41.32889999891631,817.5659825927792,True,4
cvrplib_Vrp-All_P-n16-k8,15,Greedy,0.11390000872779638,499.4408078911103,True,8
cvrplib_Vrp-All_P-n16-k8,15,Clarke-Wright,0.17549999756738544,478.77113006541214,True,9
cvrplib_Vrp-All_P-n16-k8,15,Sweep,0.08490000618621707,558.8324603177223,True,10
cvrplib_Vrp-All_P-n19-k2,18,Greedy,0.12009999772999436,301.7480840160281,True,2
cvrplib_Vrp-All_P-n19-k2,18,Clarke-Wright,0.2412999892840162,237.89277234358858,True,2
cvrplib_Vrp-All_P-n19-k2,18,Sweep,0.45089999912306666,264.0467932609041,True,3
cvrplib_Vrp-All_P-n20-k2,19,Greedy,0.1281000004382804,309.91461936454175,True,2
cvrplib_Vrp-All_P-n20-k2,19,Clarke-Wright,0.21440000273287296,233.99511295328978,True,2
cvrplib_Vrp-All_P-n20-k2,19,Sweep,0.5017000075895339,278.01679835651134,True,3
cvrplib_Vrp-All_P-n21-k2,20,Greedy,0.1379000023007393,256.92146117192806,True,2
cvrplib_Vrp-All_P-n21-k2,20,Clarke-Wright,0.6785000005038455,236.1854314941382,True,2
cvrplib_Vrp-All_P-n21-k2,20,Sweep,0.8729999972274527,220.10351966662964,True,2
cvrplib_Vrp-All_P-n22-k2,21,Greedy,0.4099000070709735,260.2351696709128,True,2
cvrplib_Vrp-All_P-n22-k2,21,Clarke-Wright,0.2852000034181401,239.49913999312295,True,2
cvrplib_Vrp-All_P-n22-k2,21,Sweep,0.9862000006251037,226.8709024339206,True,2
cvrplib_Vrp-All_P-n22-k8,21,Greedy,0.15369999164249748,801.972006794465,True,9
cvrplib_Vrp-All_P-n22-k8,21,Clarke-Wright,0.29179999546613544,590.6210234857078,True,9
cvrplib_Vrp-All_P-n22-k8,21,Sweep,0.15129998791962862,669.6805961499649,True,10
cvrplib_Vrp-All_P-n23-k8,22,Greedy,0.15720000374130905,747.5487832206259,True,9
cvrplib_Vrp-All_P-n23-k8,22,Clarke-Wright,0.4574000049615279,539.4753861721704,True,9
cvrplib_Vrp-All_P-n23-k8,22,Sweep,0.13970000145491213,637.6120465391366,True,10
cvrplib_Vrp-All_P-n40-k5.vrp,39,Greedy,0.4275999963283539,634.035944180818,True,5
cvrplib_Vrp-All_P-n40-k5.vrp,39,Clarke-Wright,1.2090999953215942,518.3720297625711,True,5
cvrplib_Vrp-All_P-n40-k5.vrp,39,Sweep,1.123800000641495,503.0868625224526,True,5
cvrplib_Vrp-All_P-n45-k5,44,Greedy,0.5330999993020669,708.4398890740079,True,5
cvrplib_Vrp-All_P-n45-k5,44,Clarke-Wright,1.1974999943049625,572.9516989585303,True,5
cvrplib_Vrp-All_P-n45-k5,44,Sweep,1.8998000014107674,586.1745695573703,True,5
cvrplib_Vrp-All_P-n50-k10,49,Greedy,0.5907000013394281,910.4321820279489,True,10
cvrplib_Vrp-All_P-n50-k10,49,Clarke-Wright,1.3128999999025837,734.3240694057523,True,11
cvrplib_Vrp-All_P-n50-k10,49,Sweep,0.673700007610023,816.523980324372,True,11
cvrplib_Vrp-All_P-n50-k7,49,Greedy,0.5328999977791682,803.6834899376746,True,7
cvrplib_Vrp-All_P-n50-k7,49,Clarke-Wright,1.1615000112215057,597.028760860847,True,7
cvrplib_Vrp-All_P-n50-k7,49,Sweep,1.2709000002359971,631.604996535099,True,7
cvrplib_Vrp-All_P-n50-k8,49,Greedy,0.5074999935459346,941.0925660504479,True,9
cvrplib_Vrp-All_P-n50-k8,49,Clarke-Wright,1.1744000075850636,674.3390281267323,True,9
cvrplib_Vrp-All_P-n50-k8,49,Sweep,0.7979000074556097,725.657823728542,True,9
cvrplib_Vrp-All_P-n51-k10,50,Greedy,0.524500006577,907.305808389032,True,10
cvrplib_Vrp-All_P-n51-k10,50,Clarke-Wright,1.2170999980298802,790.9721568818059,True,11
cvrplib_Vrp-All_P-n51-k10,50,Sweep,0.6059000006644055,861.2705592278069,True,12
cvrplib_Vrp-All_P-n55-k10,54,Greedy,0.5689999961759895,900.2084800051429,True,10
cvrplib_Vrp-All_P-n55-k10,54,Clarke-Wright,1.3553000026149675,732.1977803990392,True,10
cvrplib_Vrp-All_P-n55-k10,54,Sweep,0.9522000036668032,780.462527776962,True,10
cvrplib_Vrp-All_P-n55-k15,54,Greedy,0.5889000021852553,1221.5282302239984,True,16
cvrplib_Vrp-All_P-n55-k15,54,Clarke-Wright,1.352999999653548,978.067966781673,True,17
cvrplib_Vrp-All_P-n55-k15,54,Sweep,0.483900003018789,1113.1455148145058,True,17
cvrplib_Vrp-All_P-n55-k7,54,Greedy,0.5734000005759299,761.0790805909157,True,7
cvrplib_Vrp-All_P-n55-k7,54,Clarke-Wright,1.3275999954203144,618.6796721786774,True,7
cvrplib_Vrp-All_P-n55-k7,54,Sweep,1.5769000019645318,657.935563757229,True,7
cvrplib_Vrp-All_P-n55-k8,54,Greedy,0.5723999929614365,873.429267516131,True,7
cvrplib_Vrp-All_P-n55-k8,54,Clarke-Wright,1.4281000039773062,631.6697116721369,True,7
cvrplib_Vrp-All_P-n55-k8,54,Sweep,1.4613000093959272,643.5546528735279,True,7
cvrplib_Vrp-All_P-n60-k10,59,Greedy,0.6892000092193484,1096.6252562624147,True,10
cvrplib_Vrp-All_P-n60-k10,59,Clarke-Wright,1.6123999957926571,800.1947606543373,True,10
cvrplib_Vrp-All_P-n60-k10,59,Sweep,0.9458999993512407,873.3613208652982,True,11
cvrplib_Vrp-All_P-n60-k15,59,Greedy,0.6843000010121614,1226.1077747439952,True,15
cvrplib_Vrp-All_P-n60-k15,59,Clarke-Wright,1.6117999912239611,1022.4204435954388,True,16
cvrplib_Vrp-All_P-n60-k15,59,Sweep,0.6156000017654151,1122.8726873256014,True,16
cvrplib_Vrp-All_P-n65-k10,64,Greedy,0.7951000006869435,1054.0314725262256,True,10
cvrplib_Vrp-All_P-n65-k10,64,Clarke-Wright,3.1466999935219064,851.6670635731377,True,10
cvrplib_Vrp-All_P-n65-k10,64,Sweep,1.3594000047305599,863.3642769002588,True,10
cvrplib_Vrp-All_P-n70-k10,69,Greedy,0.9262999956263229,1114.0714425140081,True,10
cvrplib_Vrp-All_P-n70-k10,69,Clarke-Wright,2.253099999506958,896.8628075110701,True,11
cvrplib_Vrp-All_P-n70-k10,69,Sweep,1.8755999917630106,934.4948382520373,True,11
cvrplib_Vrp-All_P-n76-k4,75,Greedy,1.8268999992869794,796.5410639773509,True,4
cvrplib_Vrp-All_P-n76-k4,75,Clarke-Wright,2.9452000017045066,689.1338750550221,True,4
cvrplib_Vrp-All_P-n76-k4,75,Sweep,11.996300003374927,671.3008366312893,True,4
cvrplib_Vrp-All_P-n76-k5,75,Greedy,1.8545000057201833,890.8472702429336,True,5
cvrplib_Vrp-All_P-n76-k5,75,Clarke-Wright,4.1218999976990744,698.5111782204993,True,5
cvrplib_Vrp-All_P-n76-k5,75,Sweep,11.334800001350231,717.6774322440614,True,5
cvrplib_Vrp-All_att48,47,Greedy,0.4754999972647056,52006.22014949504,True,4
cvrplib_Vrp-All_att48,47,Clarke-Wright,1.0114000033354387,43477.3776284936,True,4
cvrplib_Vrp-All_att48,47,Sweep,3.3684000081848353,44451.67404558479,True,4
cvrplib_Vrp-All_ulysses16.tsp,15,Greedy,0.06930000381544232,109.83787503063084,True,3
cvrplib_Vrp-All_ulysses16.tsp,15,Clarke-Wright,0.1286000042455271,90.610850251073,True,3
cvrplib_Vrp-All_ulysses16.tsp,15,Sweep,0.13359999866224825,94.47187767550471,True,3
cvrplib_Vrp-All_ulysses22.tsp,21,Greedy,0.11760000779759139,122.3469511964614,True,4
cvrplib_Vrp-All_ulysses22.tsp,21,Clarke-Wright,0.22230000467970967,101.57955971923832,True,4
cvrplib_Vrp-All_ulysses22.tsp,21,Sweep,0.2452000044286251,112.85567922595673,True,4
